mod,snr_db,accuracy,frames
bpsk,-10.0,0.9333333333333333,60
bpsk,-8.0,0.9333333333333333,60
bpsk,-6.0,1.0,60
bpsk,-4.0,1.0,60
bpsk,-2.0,1.0,60
bpsk,0.0,1.0,60
bpsk,2.0,1.0,60
bpsk,4.0,1.0,60
bpsk,6.0,1.0,60
bpsk,8.0,1.0,60
bpsk,10.0,1.0,60
bpsk,12.0,1.0,60
bpsk,14.0,1.0,60
bpsk,16.0,1.0,60
bpsk,18.0,1.0,60
bpsk,20.0,1.0,60
qpsk,-10.0,0.31666666666666665,60
qpsk,-8.0,0.4,60
qpsk,-6.0,0.6333333333333333,60
qpsk,-4.0,0.7,60
qpsk,-2.0,0.8833333333333333,60
qpsk,0.0,0.9666666666666667,60
qpsk,2.0,1.0,60
qpsk,4.0,1.0,60
qpsk,6.0,1.0,60
qpsk,8.0,0.9833333333333333,60
qpsk,10.0,1.0,60
qpsk,12.0,1.0,60
qpsk,14.0,1.0,60
qpsk,16.0,1.0,60
qpsk,18.0,0.9666666666666667,60
qpsk,20.0,1.0,60
qam16,-10.0,0.45,60
qam16,-8.0,0.6333333333333333,60
qam16,-6.0,0.7166666666666667,60
qam16,-4.0,0.8,60
qam16,-2.0,0.9666666666666667,60
qam16,0.0,0.9833333333333333,60
qam16,2.0,0.9833333333333333,60
qam16,4.0,1.0,60
qam16,6.0,1.0,60
qam16,8.0,1.0,60
qam16,10.0,1.0,60
qam16,12.0,1.0,60
qam16,14.0,1.0,60
qam16,16.0,1.0,60
qam16,18.0,1.0,60
qam16,20.0,1.0,60
