payload_bytes,snr_db,packets,goodput_bps,packet_success_rate,overhead_fraction,latency_frame_ms
16,-2.0,96,7211.538461538462,0.09375,0.6923076923076923,1.664
16,-1.0,96,28846.153846153848,0.375,0.6923076923076923,1.664
16,0.0,96,46474.35897435898,0.6041666666666666,0.6923076923076923,1.664
16,1.0,96,60897.4358974359,0.7916666666666666,0.6923076923076923,1.664
16,2.0,96,72916.66666666667,0.9479166666666666,0.6923076923076923,1.664
16,3.0,96,75320.51282051283,0.9791666666666666,0.6923076923076923,1.664
16,4.0,96,76923.07692307692,1.0,0.6923076923076923,1.664
16,5.0,96,76923.07692307692,1.0,0.6923076923076923,1.664
16,6.0,96,76923.07692307692,1.0,0.6923076923076923,1.664
16,7.0,96,76923.07692307692,1.0,0.6923076923076923,1.664
16,8.0,96,76923.07692307692,1.0,0.6923076923076923,1.664
16,9.0,96,76923.07692307692,1.0,0.6923076923076923,1.664
16,10.0,96,76923.07692307692,1.0,0.6923076923076923,1.664
16,11.0,96,76923.07692307692,1.0,0.6923076923076923,1.664
16,12.0,96,76923.07692307692,1.0,0.6923076923076923,1.664
64,-2.0,24,0.0,0.0,0.37864077669902907,3.296
64,-1.0,24,12944.983818770228,0.08333333333333333,0.37864077669902907,3.296
64,0.0,24,6472.491909385114,0.041666666666666664,0.37864077669902907,3.296
64,1.0,24,84142.39482200648,0.5416666666666666,0.37864077669902907,3.296
64,2.0,24,135922.3300970874,0.875,0.37864077669902907,3.296
64,3.0,24,142394.8220064725,0.9166666666666666,0.37864077669902907,3.296
64,4.0,24,155339.80582524274,1.0,0.37864077669902907,3.296
64,5.0,24,155339.80582524274,1.0,0.37864077669902907,3.296
64,6.0,24,155339.80582524274,1.0,0.37864077669902907,3.296
64,7.0,24,155339.80582524274,1.0,0.37864077669902907,3.296
64,8.0,24,155339.80582524274,1.0,0.37864077669902907,3.296
64,9.0,24,155339.80582524274,1.0,0.37864077669902907,3.296
64,10.0,24,155339.80582524274,1.0,0.37864077669902907,3.296
64,11.0,24,155339.80582524274,1.0,0.37864077669902907,3.296
64,12.0,24,155339.80582524274,1.0,0.37864077669902907,3.296
256,-2.0,20,0.0,0.0,0.16612377850162863,9.824
256,-1.0,20,0.0,0.0,0.16612377850162863,9.824
256,0.0,20,0.0,0.0,0.16612377850162863,9.824
256,1.0,20,0.0,0.0,0.16612377850162863,9.824
256,2.0,20,156351.79153094464,0.75,0.16612377850162863,9.824
256,3.0,20,208469.05537459283,1.0,0.16612377850162863,9.824
256,4.0,20,208469.05537459283,1.0,0.16612377850162863,9.824
256,5.0,20,208469.05537459283,1.0,0.16612377850162863,9.824
256,6.0,20,208469.05537459283,1.0,0.16612377850162863,9.824
256,7.0,20,208469.05537459283,1.0,0.16612377850162863,9.824
256,8.0,20,208469.05537459283,1.0,0.16612377850162863,9.824
256,9.0,20,208469.05537459283,1.0,0.16612377850162863,9.824
256,10.0,20,208469.05537459283,1.0,0.16612377850162863,9.824
256,11.0,20,208469.05537459283,1.0,0.16612377850162863,9.824
256,12.0,20,208469.05537459283,1.0,0.16612377850162863,9.824
1024,-2.0,20,0.0,0.0,0.08815672306322353,35.936
1024,-1.0,20,0.0,0.0,0.08815672306322353,35.936
1024,0.0,20,0.0,0.0,0.08815672306322353,35.936
1024,1.0,20,0.0,0.0,0.08815672306322353,35.936
1024,2.0,20,45592.16384683883,0.2,0.08815672306322353,35.936
1024,3.0,20,113980.40961709706,0.5,0.08815672306322353,35.936
1024,4.0,20,205164.7373107747,0.9,0.08815672306322353,35.936
1024,5.0,20,227960.81923419412,1.0,0.08815672306322353,35.936
1024,6.0,20,227960.81923419412,1.0,0.08815672306322353,35.936
1024,7.0,20,227960.81923419412,1.0,0.08815672306322353,35.936
1024,8.0,20,227960.81923419412,1.0,0.08815672306322353,35.936
1024,9.0,20,227960.81923419412,1.0,0.08815672306322353,35.936
1024,10.0,20,227960.81923419412,1.0,0.08815672306322353,35.936
1024,11.0,20,227960.81923419412,1.0,0.08815672306322353,35.936
1024,12.0,20,227960.81923419412,1.0,0.08815672306322353,35.936
