mod,snr_db,trial,seed,raw_ber,packet_success,strict_psnr,strict_ssim,strict_pixels_wrong,strict_lost,tolerant_psnr,tolerant_ssim,tolerant_pixels_wrong,tolerant_lost,tolerant_damaged_kept,png_exact,png_lost
bpsk,-4.0,0,696000,0.00604628987517337,0.025906735751295335,9.692077835691315,0.1901464996715631,0.9763997395833334,188,12.99927738191742,0.4460960260868002,0.44189453125,74,114,False,137
bpsk,-4.0,1,696010,0.005891585457271364,0.04145077720207254,9.73922037015327,0.19595151738946964,0.9558919270833334,185,13.068237361927018,0.4249028815087335,0.4661458333333333,79,106,False,133
bpsk,-2.0,0,698000,0.0008073987081620669,0.6217616580310881,13.97149472626884,0.5149339004062959,0.3780110677083333,73,20.102709601164797,0.7849299504951963,0.08341471354166667,14,59,False,56
bpsk,-2.0,1,698010,0.0008438427299703264,0.616580310880829,13.792833208638644,0.5439520087210954,0.3839518229166667,74,21.967888232650374,0.8813593065370324,0.058512369791666664,10,64,False,56
bpsk,0.0,0,700000,5.4190751445086705e-05,0.9689119170984456,26.054717181423225,0.9542953498964974,0.031168619791666668,6,35.705899685601096,0.9974278906754883,0.005615234375,1,5,False,2
bpsk,0.0,1,700010,2.7095375722543353e-05,0.9844559585492227,27.86706518098314,0.9761791255578967,0.015625,3,64.6165248149013,0.9999986892344599,0.000244140625,0,3,False,4
bpsk,2.0,0,702000,0.0,1.0,inf,1.0,0.0,0,inf,1.0,0.0,0,0,True,0
bpsk,2.0,1,702010,0.0,1.0,inf,1.0,0.0,0,inf,1.0,0.0,0,0,True,0
bpsk,4.0,0,704000,0.0,1.0,inf,1.0,0.0,0,inf,1.0,0.0,0,0,True,0
bpsk,4.0,1,704010,0.0,1.0,inf,1.0,0.0,0,inf,1.0,0.0,0,0,True,0
bpsk,6.0,0,706000,0.0,1.0,inf,1.0,0.0,0,inf,1.0,0.0,0,0,True,0
bpsk,6.0,1,706010,0.0,1.0,inf,1.0,0.0,0,inf,1.0,0.0,0,0,True,0
bpsk,8.0,0,708000,0.0,1.0,inf,1.0,0.0,0,inf,1.0,0.0,0,0,True,0
bpsk,8.0,1,708010,0.0,1.0,inf,1.0,0.0,0,inf,1.0,0.0,0,0,True,0
bpsk,10.0,0,710000,0.0,1.0,inf,1.0,0.0,0,inf,1.0,0.0,0,0,True,0
bpsk,10.0,1,710010,0.0,1.0,inf,1.0,0.0,0,inf,1.0,0.0,0,0,True,0
bpsk,12.0,0,712000,0.0,1.0,inf,1.0,0.0,0,inf,1.0,0.0,0,0,True,0
bpsk,12.0,1,712010,0.0,1.0,inf,1.0,0.0,0,inf,1.0,0.0,0,0,True,0
bpsk,14.0,0,714000,0.0,1.0,inf,1.0,0.0,0,inf,1.0,0.0,0,0,True,0
bpsk,14.0,1,714010,0.0,1.0,inf,1.0,0.0,0,inf,1.0,0.0,0,0,True,0
qpsk,-4.0,0,696001,0.041733490566037736,0.0,9.625655626188525,0.18011833005728145,0.9973958333333334,193,9.944065032440921,0.1949455202429979,0.9253743489583334,167,26,False,137
qpsk,-4.0,1,696011,0.04340791420118343,0.0,9.625655626188525,0.18011833005728145,0.9973958333333334,193,10.046371098573875,0.1917666419516281,0.9105631510416666,164,29,False,137
qpsk,-2.0,0,698001,0.014540059347181009,0.0,9.625655626188525,0.18011833005728145,0.9973958333333334,193,12.248472821952559,0.329918946504258,0.5869954427083334,99,94,False,137
qpsk,-2.0,1,698011,0.014929525222551929,0.0,9.625655626188525,0.18011833005728145,0.9973958333333334,193,12.577265585236594,0.37778677976959085,0.5440266927083334,88,105,False,137
qpsk,0.0,0,700001,0.0032966040462427747,0.18134715025906736,10.519270403926775,0.23674029897821355,0.8201497395833334,158,17.46449440219972,0.6827969963959832,0.15706380208333334,24,134,False,118
qpsk,0.0,1,700011,0.0030527456647398846,0.16062176165803108,10.382057586634135,0.23500755443921378,0.8407389322916666,162,18.845649091145194,0.7559264390193027,0.11140950520833333,17,145,False,104
qpsk,2.0,0,702001,0.00030708092485549134,0.8393782383419689,17.49091681249907,0.7142376480188419,0.16097005208333334,31,27.75866945787311,0.9666980103531925,0.028157552083333332,5,26,False,29
qpsk,2.0,1,702011,0.0002709537572254335,0.8497409326424871,17.271215683748732,0.7540819100102426,0.15071614583333334,29,42.27241580216055,0.9975168702912673,0.0022786458333333335,0,29,False,20
qpsk,4.0,0,704001,0.0,1.0,inf,1.0,0.0,0,inf,1.0,0.0,0,0,False,1
qpsk,4.0,1,704011,9.031791907514451e-06,0.9948186528497409,31.991609805555324,0.9845337538924609,0.005208333333333333,1,89.02561563555346,0.9999989372093181,8.138020833333333e-05,0,1,False,2
qpsk,6.0,0,706001,0.0,1.0,inf,1.0,0.0,0,inf,1.0,0.0,0,0,True,0
qpsk,6.0,1,706011,0.0,1.0,inf,1.0,0.0,0,inf,1.0,0.0,0,0,True,0
qpsk,8.0,0,708001,0.0,1.0,inf,1.0,0.0,0,inf,1.0,0.0,0,0,True,0
qpsk,8.0,1,708011,0.0,1.0,inf,1.0,0.0,0,inf,1.0,0.0,0,0,True,0
qpsk,10.0,0,710001,0.0,1.0,inf,1.0,0.0,0,inf,1.0,0.0,0,0,True,0
qpsk,10.0,1,710011,0.0,1.0,inf,1.0,0.0,0,inf,1.0,0.0,0,0,True,0
qpsk,12.0,0,712001,0.0,1.0,inf,1.0,0.0,0,inf,1.0,0.0,0,0,True,0
qpsk,12.0,1,712011,0.0,1.0,inf,1.0,0.0,0,inf,1.0,0.0,0,0,True,0
qpsk,14.0,0,714001,0.0,1.0,inf,1.0,0.0,0,inf,1.0,0.0,0,0,True,0
qpsk,14.0,1,714011,0.0,1.0,inf,1.0,0.0,0,inf,1.0,0.0,0,0,True,0
qam16,-4.0,0,696002,0.17798349056603774,0.0,9.625655626188525,0.18011833005728145,0.9973958333333334,193,9.625655626188525,0.18011833005728145,0.9973958333333334,193,0,False,137
qam16,-4.0,1,696012,0.17458941605839415,0.0,9.625655626188525,0.18011833005728145,0.9973958333333334,193,9.625655626188525,0.18011833005728145,0.9973958333333334,193,0,False,137
qam16,-2.0,0,698002,0.12971594245449208,0.0,9.625655626188525,0.18011833005728145,0.9973958333333334,193,9.604945497533093,0.137936114254239,0.99609375,189,4,False,137
qam16,-2.0,1,698012,0.12956231454005934,0.0,9.625655626188525,0.18011833005728145,0.9973958333333334,193,9.656929002446109,0.17404360079590248,0.9955240885416666,191,2,False,137
qam16,0.0,0,700002,0.08429371387283237,0.0,9.625655626188525,0.18011833005728145,0.9973958333333334,193,9.70652230828113,0.1513782722096994,0.9830729166666666,181,12,False,137
qam16,0.0,1,700012,0.0868135838150289,0.0,9.625655626188525,0.18011833005728145,0.9973958333333334,193,9.673693107163517,0.18466914190884695,0.9859212239583334,182,11,False,137
qam16,2.0,0,702002,0.050252890173410406,0.0,9.625655626188525,0.18011833005728145,0.9973958333333334,193,9.806192365725815,0.1491271680438002,0.93798828125,162,31,False,137
qam16,2.0,1,702012,0.05051481213872833,0.0,9.625655626188525,0.18011833005728145,0.9973958333333334,193,10.157211239977118,0.1885266956263218,0.905517578125,156,37,False,137
qam16,4.0,0,704002,0.022371748554913296,0.0,9.625655626188525,0.18011833005728145,0.9973958333333334,193,9.835550571813712,0.14445502187018414,0.8672688802083334,106,87,False,137
qam16,4.0,1,704012,0.021703395953757226,0.0051813471502590676,9.6307240309576,0.179011084809313,0.9967447916666666,192,11.66476231170167,0.30691633650920774,0.6527506510416666,101,91,False,137
qam16,6.0,0,706002,0.006855130057803468,0.015544041450777202,9.712434676595008,0.18048557017114625,0.9817708333333334,190,15.390962721239767,0.5247373860011293,0.2840169270833333,39,151,False,133
qam16,6.0,1,706012,0.006963511560693642,0.031088082901554404,9.744410890493175,0.19120210576398883,0.9663899739583334,187,15.903491178776344,0.6053864135976215,0.255126953125,40,147,False,134
qam16,8.0,0,708002,0.0011921965317919076,0.49222797927461137,12.468636433389044,0.42691518424905633,0.5048014322916666,98,25.25493474626842,0.9252387120737343,0.030436197916666668,4,94,False,62
qam16,8.0,1,708012,0.001282514450867052,0.44559585492227977,12.16302498941711,0.4057039426912084,0.55078125,107,23.10769621555155,0.87675773503572,0.051106770833333336,8,99,False,62
qam16,10.0,0,710002,5.4190751445086705e-05,0.9689119170984456,25.562052634389765,0.9291863282618003,0.03125,6,52.85037028669055,0.9999610952108049,0.0004069010416666667,0,6,False,6
qam16,10.0,1,710012,8.128612716763006e-05,0.9533678756476683,22.55209014682716,0.8868053232134214,0.046630859375,9,48.910334096978076,0.999881384304157,0.000732421875,0,9,False,8
qam16,12.0,0,712002,0.0,1.0,inf,1.0,0.0,0,inf,1.0,0.0,0,0,True,0
qam16,12.0,1,712012,1.8063583815028903e-05,0.9896373056994818,28.20347253006033,0.9537101001383982,0.010416666666666666,2,32.06492760732779,0.9855125189966905,0.005289713541666667,1,1,True,0
qam16,14.0,0,714002,0.0,1.0,inf,1.0,0.0,0,inf,1.0,0.0,0,0,True,0
qam16,14.0,1,714012,0.0,1.0,inf,1.0,0.0,0,inf,1.0,0.0,0,0,True,0
