taps_cached,mod,packet_bytes,tx_ms,channel_ms,rx_ms,total_ms,airtime_ms,realtime_factor,max_realtime_rate_msps,all_demodulated
False,bpsk,16,2.3528690000489405,0.22903299998233706,5.1850330000320355,7.950034000032247,2.48,3.2056588709807445,0.31194835141459026,True
False,bpsk,64,2.5684069999556414,0.38348949993860515,6.717317999971328,9.65579399996841,5.744,1.681022632306478,0.5948759884499185,True
False,bpsk,256,3.1770475000030274,0.9922549999714647,14.126943999997366,18.332313500025066,18.8,0.9751230585119716,1.025511591866149,True
False,bpsk,1024,5.825057499976083,3.5644439999487076,62.72078850003027,72.22137799999473,71.024,1.0168587801305857,0.9834207262011143,True
False,qpsk,16,2.434030000074472,0.20710799998369112,5.242210000005798,7.968936499992196,1.664,4.789024338937618,0.20881079928314517,True
False,qpsk,64,2.36149900001692,0.264106000031461,5.528183000024001,8.2442119999655,3.296,2.501277912610892,0.3997956384447407,True
False,qpsk,256,3.1109695000282045,0.5875960000025771,10.048468999968918,13.893692500005272,9.824,1.4142602300493967,0.7070834481183653,True
False,qpsk,1024,4.07699350000712,1.8933485000047767,29.970053999988977,35.921776999998656,35.936,0.9996042130453766,1.0003959436639602,True
False,qam16,16,2.3265149999929235,0.14704900002016075,4.260470000019723,6.829478999975436,1.256,5.437483280235219,0.18390861147746668,True
False,qam16,64,2.5828794999824822,0.18798000002107074,4.818755999963287,7.625565000012102,2.072,3.6802919884228293,0.27171757109102235,True
False,qam16,256,3.5832354999456584,0.3222359999881519,6.663258000003225,10.65748700000313,5.336,1.9972801724143796,0.5006808828383683,True
False,qam16,1024,7.2265225000478495,1.0221784999657757,15.245980499969392,23.512843499986502,18.392,1.2784277675068783,0.7822107947093068,True
True,bpsk,16,0.21401349999905506,0.1861464999706186,2.6178995000236682,3.0511914999351575,2.48,1.2303191531996602,0.8127972302140668,True
True,bpsk,64,0.4033065000044189,0.3778494999551185,4.913767499999722,5.670408000014504,5.744,0.9871880222866477,1.0129782548249275,True
True,bpsk,256,1.0468510000123388,0.951390500006255,12.002486500023224,14.177473000017926,18.8,0.7541209042562727,1.3260473146361293,True
True,bpsk,1024,3.767954500005999,3.508533499996247,58.24010100002397,65.1017339999953,71.024,0.9166159889614117,1.0909694049010297,True
True,qpsk,16,0.15068749996771658,0.1340560000357982,2.157606499963549,2.459291500031213,1.664,1.4779396033841425,0.6766176355990661,True
True,qpsk,64,0.24717099995541503,0.2033729999766365,2.9527474999895276,3.3893715000203883,3.296,1.0283287318023024,0.9724516772446375,True
True,qpsk,256,0.5939344999887908,0.5248125000321124,6.600136499969267,7.682597499979238,9.824,0.7820233611542384,1.278734178124853,True
True,qpsk,1024,1.973198999962733,1.7583810000019184,27.232583500051533,31.281446499974663,35.936,0.8704765833697313,1.1487959803914154,True
True,qam16,16,0.244695999981559,0.13210349999326354,2.0878975000186983,2.4586694999584324,1.256,1.9575394107949302,0.5108453983023072,True
True,qam16,64,0.4757859999813263,0.15190250002206085,2.383995999934996,3.006216000017048,2.072,1.4508764478846756,0.6892385643574015,True
True,qam16,256,1.6649660000211952,0.33674949997930526,4.461083000023791,6.4169359999937114,5.336,1.2025742128923746,0.8315495121044109,True
True,qam16,1024,5.168873499997062,0.9967010000195842,12.968286499983606,19.320227500031706,18.392,1.0504690898233855,0.9519556640815858,True
