mod,snr_db,esn0_db,ebn0_db,frames,ber,ber_ci_low,ber_ci_high,ber_theory,ser,ser_theory,bits,bit_errors,detect_rate,header_rate,packet_success,snr_est_mean,snr_est_std
bpsk,-8.0,1.0308998699194358,1.0308998699194358,100,0.06360479797979798,0.05785594580093422,0.06988251378455446,0.05564420791063432,0.06360479797979798,0.05564420791063432,6336,403,1.0,0.11,0.0,-7.866801162491169,0.7987394676775099
bpsk,-7.0,2.030899869919436,2.030899869919436,100,0.038676697530864196,0.03513266323591455,0.04256246855244595,0.036990215730280225,0.038676697530864196,0.036990215730280225,10368,401,1.0,0.18,0.0,-6.704870969505358,0.7997018281866886
bpsk,-6.0,3.030899869919436,3.030899869919436,100,0.025694444444444443,0.023729091457280554,0.027817938791356467,0.022494947119947237,0.025694444444444443,0.022494947119947237,23040,592,1.0,0.4,0.0,-5.8194042660619365,0.8118930411107714
bpsk,-5.0,4.030899869919436,4.030899869919436,100,0.012362308429118774,0.01123222406965894,0.013604527221535975,0.012244632177757144,0.012362308429118774,0.012244632177757144,33408,413,1.0,0.58,0.0,-4.964104615740956,0.6847980306815523
bpsk,-4.0,5.030899869919436,5.030899869919436,100,0.00638640873015873,0.005714734454172773,0.007136460793188703,0.005804212776049431,0.00638640873015873,0.005804212776049431,48384,309,1.0,0.84,0.01,-3.869786244021405,0.7207637862852793
bpsk,-3.0,6.030899869919436,6.030899869919436,100,0.002294859514687101,0.0019123411973388368,0.0027536804144782144,0.002314461561187618,0.002294859514687101,0.002314461561187618,50112,115,1.0,0.87,0.21,-2.771126809652285,0.7502299122626376
bpsk,-2.0,7.030899869919436,7.030899869919436,100,0.0009604018912529551,0.0007325101415076455,0.001259103869566805,0.0007432327350495861,0.0009604018912529551,0.0007432327350495861,54144,52,1.0,0.94,0.5,-1.8285566438248395,0.6833336890230951
bpsk,-1.0,8.030899869919436,8.030899869919436,100,0.0001388888888888889,7.037923033930733e-05,0.0002740700190315888,0.00018192549135484244,0.0001388888888888889,0.00018192549135484244,57600,8,1.0,1.0,0.93,-0.7657435430537888,0.6497525204795876
bpsk,0.0,9.030899869919436,9.030899869919436,100,7.014590347923682e-05,2.72782582868807e-05,0.00018036768565499908,3.1671241833120046e-05,7.014590347923682e-05,3.1671241833120046e-05,57024,4,1.0,0.99,0.95,0.11506272751006087,0.6070493097590617
bpsk,1.0,10.030899869919436,10.030899869919436,100,0.0,6.776263578034403e-21,6.668999659217173e-05,3.5935014015878933e-06,0.0,3.5935014015878933e-06,57600,0,1.0,1.0,1.0,1.157291414920988,0.5486668226779915
bpsk,2.0,11.030899869919436,11.030899869919436,100,0.0,6.776263578034403e-21,6.668999659217173e-05,2.38050815226611e-07,0.0,2.38050815226611e-07,57600,0,1.0,1.0,1.0,2.1712257568118334,0.6220618709758989
bpsk,3.0,12.030899869919436,12.030899869919436,100,0.0,6.776263578034403e-21,6.668999659217173e-05,8.015386163132689e-09,0.0,8.015386163132689e-09,57600,0,1.0,1.0,1.0,3.119556852625698,0.6183333450837031
bpsk,4.0,13.030899869919436,13.030899869919436,100,0.0,6.776263578034403e-21,6.668999659217173e-05,1.1520158551672128e-10,0.0,1.1520158551672128e-10,57600,0,1.0,1.0,1.0,4.089412730034363,0.5450215244404255
bpsk,5.0,14.030899869919436,14.030899869919436,100,0.0,6.776263578034403e-21,6.668999659217173e-05,5.672524804349287e-13,0.0,5.672524804349287e-13,57600,0,1.0,1.0,1.0,5.192915999142246,0.5950829381983281
bpsk,6.0,15.030899869919436,15.030899869919436,100,0.0,6.776263578034403e-21,6.668999659217173e-05,7.254727136747401e-16,0.0,7.254727136747401e-16,57600,0,1.0,1.0,1.0,6.147078595175166,0.6079487398838599
bpsk,7.0,16.030899869919438,16.030899869919438,100,0.0,6.776263578034403e-21,6.668999659217173e-05,1.7004565723350602e-19,0.0,1.7004565723350602e-19,57600,0,1.0,1.0,1.0,7.075477090545662,0.5349978029098872
bpsk,8.0,17.030899869919438,17.030899869919438,100,0.0,6.776263578034403e-21,6.668999659217173e-05,4.709191574663679e-24,0.0,4.709191574663679e-24,57600,0,1.0,1.0,1.0,8.08453335280781,0.5700985466048061
bpsk,9.0,18.030899869919438,18.030899869919438,100,0.0,6.776263578034403e-21,6.668999659217173e-05,8.865600046283365e-30,0.0,8.865600046283365e-30,57600,0,1.0,1.0,1.0,9.047629910038493,0.5526947797444034
bpsk,10.0,19.030899869919438,19.030899869919438,100,0.0,6.776263578034403e-21,6.668999659217173e-05,5.657418951216413e-37,0.0,5.657418951216413e-37,57600,0,1.0,1.0,1.0,10.059558899035034,0.546714372480332
bpsk,11.0,20.030899869919438,20.030899869919438,100,0.0,6.776263578034403e-21,6.668999659217173e-05,5.095318853424217e-46,0.0,5.095318853424217e-46,57600,0,1.0,1.0,1.0,11.032898359810215,0.5492653763994165
bpsk,12.0,21.030899869919438,21.030899869919438,100,0.0,6.776263578034403e-21,6.668999659217173e-05,2.1494362794406355e-57,0.0,2.1494362794406355e-57,57600,0,1.0,1.0,1.0,11.943932142307016,0.5492806069787493
qpsk,-8.0,1.0308998699194358,-1.9794000867203763,100,0.1521267361111111,0.1420470348196649,0.16278598459713378,0.13007913650227854,0.2860243055555556,0.24323769125137867,4608,701,1.0,0.08,0.0,-7.882428333455306,0.8524429691426094
qpsk,-7.0,2.030899869919436,-0.9794000867203763,100,0.11381944444444445,0.1087347771607043,0.11911010555447356,0.10322057902074644,0.21541666666666667,0.1957866701081147,14400,1639,1.0,0.25,0.0,-6.717296576251036,0.7298504340585824
qpsk,-6.0,3.030899869919436,0.02059991327962374,100,0.08842592592592592,0.0850302313145693,0.09194360114396569,0.07815794322566788,0.170679012345679,0.15020722236206904,25920,2292,1.0,0.45,0.0,-5.795221778347041,0.8141875934031169
qpsk,-5.0,4.030899869919436,1.0205999132796237,100,0.06608422939068101,0.0635539891146004,0.0687078137264112,0.05585640424168464,0.1291442652329749,0.10859287058855879,35712,2360,1.0,0.62,0.0,-4.820771371214851,0.7255047603334268
qpsk,-4.0,5.030899869919436,2.0205999132796237,100,0.045655588624338626,0.04383141913670214,0.04755190059376504,0.03716174175954761,0.0896577380952381,0.07294248846849191,48384,2209,1.0,0.84,0.0,-3.8719873360963697,0.7454389767850857
qpsk,-3.0,6.030899869919436,3.0205999132796237,100,0.027715773809523808,0.026290113026776044,0.029216425624040733,0.022622311862184812,0.05505952380952381,0.04473285473037964,48384,1341,1.0,0.84,0.0,-2.805923030927767,0.6952617127335456
qpsk,-2.0,7.030899869919436,4.020599913279623,100,0.015245225694444444,0.01425711221632802,0.016300689598424376,0.012329618316689925,0.030381944444444444,0.024507217145544574,55296,843,1.0,0.96,0.0,-1.842213472424674,0.5689832612107651
qpsk,-1.0,8.030899869919436,5.020599913279623,100,0.007013888888888889,0.006364449233214827,0.007729083028702925,0.005853781449789643,0.014027777777777778,0.01167329614231737,57600,404,1.0,1.0,0.04,-0.8502712459802407,0.6645556453842756
qpsk,0.0,9.030899869919436,6.020599913279623,100,0.003125,0.0027011322117870265,0.0036151409723264444,0.0023388674905236353,0.00625,0.004672264679909042,57600,180,1.0,1.0,0.2,0.13167390233974935,0.5052890289746995
qpsk,1.0,10.030899869919436,7.020599913279623,100,0.0011631944444444443,0.0009161229278341889,0.001476800810779799,0.0007529414753089925,0.0023263888888888887,0.0015053160297527422,57600,67,1.0,1.0,0.51,1.2464312496217496,0.5969741919408924
qpsk,2.0,11.030899869919436,8.020599913279623,100,0.0002777777777777778,0.000170995339713939,0.00045121316243568145,0.00018487825175015864,0.0005555555555555556,0.0003697223235323471,57600,16,1.0,1.0,0.86,2.161974385891688,0.5397796360174667
qpsk,3.0,12.030899869919436,9.020599913279623,100,0.00012152777777777777,5.8869616218603334e-05,0.00025085972655495225,3.23117139550879e-05,0.00024305555555555555,6.462238386331707e-05,57600,7,1.0,1.0,0.94,3.2474714955609483,0.5849075709073098
qpsk,4.0,13.030899869919436,10.020599913279623,100,0.0,6.776263578034403e-21,6.668999659217173e-05,3.6842773355837053e-06,0.0,7.368541097267925e-06,57600,0,1.0,1.0,1.0,4.150353338110072,0.6260945316909774
qpsk,5.0,14.030899869919436,11.020599913279623,100,0.0,6.776263578034403e-21,6.668999659217173e-05,2.4558073481259896e-07,0.0,4.911614093153006e-07,57600,0,1.0,1.0,1.0,5.054682230296081,0.5499435151523231
qpsk,6.0,15.030899869919436,12.020599913279623,100,0.0,6.776263578034403e-21,6.668999659217173e-05,8.33360110365601e-09,0.0,1.6667202137863113e-08,57600,0,1.0,1.0,1.0,6.100473627339329,0.5689972866596418
qpsk,7.0,16.030899869919438,13.020599913279625,100,0.0,6.776263578034403e-21,6.668999659217173e-05,1.2095500519420143e-10,0.0,2.419100103737709e-10,57600,0,1.0,1.0,1.0,7.135934323668031,0.6070352618803724
qpsk,8.0,17.030899869919438,14.020599913279625,100,0.0,6.776263578034403e-21,6.668999659217173e-05,6.029745339757862e-13,0.0,1.2059490679512089e-12,57600,0,1.0,1.0,1.0,8.25749920624422,0.6017904615451006
qpsk,9.0,18.030899869919438,15.020599913279625,100,0.0,6.776263578034403e-21,6.668999659217173e-05,7.832241280184421e-16,0.0,1.5664482560368837e-15,57600,0,1.0,1.0,1.0,9.123820912968027,0.5583403637342923
qpsk,10.0,19.030899869919438,16.020599913279625,100,0.0,6.776263578034403e-21,6.668999659217173e-05,1.8720486921014225e-19,0.0,3.744097384202845e-19,57600,0,1.0,1.0,1.0,10.007351232438753,0.5340881205429147
qpsk,11.0,20.030899869919438,17.020599913279625,100,0.0,6.776263578034403e-21,6.668999659217173e-05,5.313499903050072e-24,0.0,1.0626999806100144e-23,57600,0,1.0,1.0,1.0,11.107751044423694,0.5633657331575329
qpsk,12.0,21.030899869919438,18.020599913279625,100,0.0,6.776263578034403e-21,6.668999659217173e-05,1.0317872060931239e-29,0.0,2.0635744121861592e-29,57600,0,1.0,1.0,1.0,12.01415398229492,0.552853839613193
qam16,-8.0,1.0308998699194358,-4.989700043360188,100,0.2816840277777778,0.2636914746818597,0.3004033921408893,0.23046129853519495,0.7291666666666666,0.7093955536506668,2304,649,1.0,0.04,0.0,-7.8473719358098775,0.8108677853053966
qam16,-7.0,2.030899869919436,-3.9897000433601884,100,0.25199652777777776,0.2441518140981055,0.2600065908560203,0.21452383104165645,0.7065972222222222,0.6740134278274692,11520,2903,1.0,0.2,0.0,-6.9870525328662145,0.8418473428244987
qam16,-6.0,3.030899869919436,-2.9897000433601884,100,0.23065972222222222,0.22583058868770542,0.23556070017426364,0.19729076404923582,0.6677777777777778,0.6334684738804184,28800,6643,1.0,0.5,0.0,-5.985082327559877,0.828169703158228
qam16,-5.0,4.030899869919436,-1.9897000433601884,100,0.19675925925925927,0.19270105600845652,0.20088166038915947,0.1788341487195408,0.6100088183421517,0.5874099838851918,36288,7140,1.0,0.63,0.0,-4.888297435329004,0.7041051928848574
qam16,-4.0,5.030899869919436,-0.9897000433601884,100,0.1757305194805195,0.17221657172065422,0.17930063633069745,0.15930360115981518,0.5707972582972582,0.5357038552693187,44352,7794,1.0,0.77,0.0,-3.8452800210493745,0.7174116748844652
qam16,-3.0,6.030899869919436,0.010299956639811647,100,0.151564366786141,0.14855259273560975,0.1546261129969929,0.1389472628908151,0.510379330943847,0.4785636841038631,53568,8119,1.0,0.93,0.0,-2.966196956146431,0.7110063708730175
qam16,-2.0,7.030899869919436,1.0102999566398116,100,0.12981859410430838,0.12707105077168435,0.13261651981060113,0.11813064115032913,0.4500425170068027,0.4167031710869652,56448,7328,1.0,0.98,0.0,-1.8250066698194292,0.6356543346409541
qam16,-1.0,8.030899869919436,2.0102999566398116,100,0.10769203514739228,0.10516138390958303,0.110276080224448,0.09734744600235802,0.38364512471655327,0.35148368303670396,56448,6079,1.0,0.98,0.0,-0.9394194526750647,0.5648674903582768
qam16,0.0,9.030899869919436,3.0102999566398116,100,0.08539930555555555,0.08314448490268132,0.08770942564622898,0.07721370402452565,0.3138888888888889,0.28500699174135447,57600,4919,1.0,1.0,0.0,0.07420193377958408,0.6928566839033099
qam16,1.0,10.030899869919436,4.010299956639812,100,0.06711805555555556,0.06510327355451283,0.06919057534739788,0.05843441509263411,0.25166666666666665,0.22007933690166348,57600,3866,1.0,1.0,0.0,1.0679753969893246,0.5691410725299609
qam16,2.0,11.030899869919436,5.010299956639812,100,0.04925347222222222,0.04751609539295236,0.05105096962029494,0.04173315593297574,0.18715277777777778,0.15996599851539883,57600,2837,1.0,1.0,0.0,2.1229835576335017,0.6259998346897706
qam16,3.0,12.030899869919436,6.010299956639812,100,0.03435763888888889,0.03290089180940318,0.03587649334332594,0.02774266179771017,0.13416666666666666,0.10789202605635217,57600,1979,1.0,1.0,0.0,3.0230740518116623,0.6541857407832833
qam16,4.0,13.030899869919436,7.010299956639812,100,0.021545138888888888,0.020390916214814418,0.022763177869077375,0.01687121033996043,0.08451388888888889,0.06634629040650097,57600,1241,1.0,1.0,0.0,4.061045645620688,0.5526676343798508
qam16,5.0,14.030899869919436,8.010299956639813,100,0.013940972222222223,0.013015361979678716,0.014931413014577916,0.00918347413331785,0.05527777777777778,0.03639655174464229,57600,803,1.0,1.0,0.0,5.101818599021014,0.6532407901297601
qam16,6.0,15.030899869919436,9.010299956639813,100,0.00640625,0.0057868032892429136,0.007091532241767918,0.004353159582037074,0.025416666666666667,0.01733683833476163,57600,369,1.0,1.0,0.02,6.100869107448384,0.5413601531298106
qam16,7.0,16.030899869919438,10.010299956639813,100,0.0030555555555555557,0.002636755760068754,0.0035406377976553547,0.0017358461708907136,0.012222222222222223,0.006931332035846949,57600,176,1.0,1.0,0.18,7.124989780664322,0.5809260634334621
qam16,8.0,17.030899869919438,11.010299956639813,100,0.0011631944444444443,0.0009161229278341889,0.001476800810779799,0.0005574245512871886,0.004652777777777777,0.002228455316627298,57600,67,1.0,1.0,0.55,8.084845033404799,0.5500860603972346
qam16,9.0,18.030899869919438,12.010299956639813,100,0.0004166666666666667,0.0002800251854505287,0.0006199425694778162,0.00013644411851613183,0.0016666666666666668,0.0005457020060747331,57600,24,1.0,1.0,0.83,9.049804774072673,0.5562999479699233
qam16,10.0,19.030899869919438,13.010299956639813,100,8.680555555555556e-05,3.707814963171376e-05,0.00020321137994716072,2.3753431374839984e-05,0.00034722222222222224,9.501146859736131e-05,57600,5,1.0,1.0,0.95,10.016460792921741,0.5231340571181343
qam16,11.0,20.030899869919438,14.010299956639813,100,0.0,6.776263578034403e-21,6.668999659217173e-05,2.69512605119092e-06,0.0,1.0780475149796409e-05,57600,0,1.0,1.0,1.0,11.002121604687463,0.5722156879003951
qam16,12.0,21.030899869919438,15.010299956639813,100,0.0,6.776263578034403e-21,6.668999659217173e-05,1.7853811141995728e-07,0.0,7.141523181708465e-07,57600,0,1.0,1.0,1.0,11.99246773168884,0.5722054586453014
