mod,snr_db,packets,ber,ber_ci_low,ber_ci_high,ser,packet_error_rate,packet_success_rate,frame_detection_rate,header_success_rate,throughput_bps,goodput_bps,spectral_efficiency_bps_hz,overhead_fraction,latency_frame_ms,latency_message_ms,phy_rate_bps,snr_est_db_mean
bpsk,-6.0,48,0.02175925925925926,0.01888874394026336,0.025054865577060506,0.02189429012345679,1.0,0.0,1.0,0.3125,89136.49025069637,0.0,0.0,0.2869080779944291,5.744,137.856,125000.0,-5.88169780760801
bpsk,-5.0,48,0.013454861111111112,0.011789034600096655,0.015352417123555279,0.013454861111111112,1.0,0.0,1.0,0.5833333333333334,89136.49025069637,0.0,0.0,0.2869080779944291,5.744,137.856,125000.0,-4.802483301486692
bpsk,-4.0,48,0.005928184281842819,0.005026238824637143,0.006990844304319995,0.005931712962962963,0.9791666666666667,0.020833333333333332,1.0,0.8541666666666667,89136.49025069637,1857.0102135561744,0.011004504969221774,0.2869080779944291,5.744,137.856,125000.0,-3.6794723568815737
bpsk,-3.0,48,0.002189009661835749,0.0016938599459437383,0.0028284916140746434,0.002183291245791246,0.6458333333333334,0.35416666666666663,1.0,0.9583333333333333,89136.49025069637,31569.173630454963,0.18707658447677017,0.2869080779944291,5.744,137.856,125000.0,-2.7962211952081533
bpsk,-2.0,48,0.0007548309178743961,0.0004887069336073321,0.0011657029553936646,0.0007628367003367003,0.375,0.625,1.0,0.9583333333333333,89136.49025069637,55710.30640668524,0.3301351490766532,0.2869080779944291,5.744,137.856,125000.0,-1.9573434741522209
bpsk,-1.0,48,0.00022163120567375886,0.00010157801566306764,0.00048350444397135414,0.00022330414653784218,0.14583333333333337,0.8541666666666666,1.0,0.9791666666666667,89136.49025069637,76137.41875580316,0.4511847037380928,0.2869080779944291,5.744,137.856,125000.0,-0.9078303628556829
bpsk,0.0,48,0.0,1.3552527156068805e-20,0.0001389274557395121,0.0,0.0,1.0,1.0,1.0,89136.49025069637,89136.49025069637,0.5282162385226452,0.2869080779944291,5.744,137.856,125000.0,-0.014173970635321262
bpsk,1.0,48,0.0,1.3552527156068805e-20,0.0001389274557395121,0.0,0.0,1.0,1.0,1.0,89136.49025069637,89136.49025069637,0.5282162385226452,0.2869080779944291,5.744,137.856,125000.0,1.1295401758910846
bpsk,2.0,48,0.0,1.3552527156068805e-20,0.0001389274557395121,0.0,0.0,1.0,1.0,1.0,89136.49025069637,89136.49025069637,0.5282162385226452,0.2869080779944291,5.744,137.856,125000.0,2.25370078742196
bpsk,3.0,48,0.0,1.3552527156068805e-20,0.0001389274557395121,0.0,0.0,1.0,1.0,1.0,89136.49025069637,89136.49025069637,0.5282162385226452,0.2869080779944291,5.744,137.856,125000.0,3.17688743880867
bpsk,4.0,48,0.0,1.3552527156068805e-20,0.0001389274557395121,0.0,0.0,1.0,1.0,1.0,89136.49025069637,89136.49025069637,0.5282162385226452,0.2869080779944291,5.744,137.856,125000.0,4.09223423008612
bpsk,5.0,48,0.0,1.3552527156068805e-20,0.0001389274557395121,0.0,0.0,1.0,1.0,1.0,89136.49025069637,89136.49025069637,0.5282162385226452,0.2869080779944291,5.744,137.856,125000.0,5.3460818072312755
bpsk,6.0,48,0.0,1.3552527156068805e-20,0.0001389274557395121,0.0,0.0,1.0,1.0,1.0,89136.49025069637,89136.49025069637,0.5282162385226452,0.2869080779944291,5.744,137.856,125000.0,6.120078886156781
bpsk,7.0,48,0.0,1.3552527156068805e-20,0.0001389274557395121,0.0,0.0,1.0,1.0,1.0,89136.49025069637,89136.49025069637,0.5282162385226452,0.2869080779944291,5.744,137.856,125000.0,7.158653395079674
bpsk,8.0,48,0.0,1.3552527156068805e-20,0.0001389274557395121,0.0,0.0,1.0,1.0,1.0,89136.49025069637,89136.49025069637,0.5282162385226452,0.2869080779944291,5.744,137.856,125000.0,8.181227829553816
bpsk,9.0,48,0.0,1.3552527156068805e-20,0.0001389274557395121,0.0,0.0,1.0,1.0,1.0,89136.49025069637,89136.49025069637,0.5282162385226452,0.2869080779944291,5.744,137.856,125000.0,9.055573612661624
bpsk,10.0,48,0.0,1.3552527156068805e-20,0.0001389274557395121,0.0,0.0,1.0,1.0,1.0,89136.49025069637,89136.49025069637,0.5282162385226452,0.2869080779944291,5.744,137.856,125000.0,10.216673895060222
bpsk,11.0,48,0.0,1.3552527156068805e-20,0.0001389274557395121,0.0,0.0,1.0,1.0,1.0,89136.49025069637,89136.49025069637,0.5282162385226452,0.2869080779944291,5.744,137.856,125000.0,10.970691471795808
bpsk,12.0,48,0.0,1.3552527156068805e-20,0.0001389274557395121,0.0,0.0,1.0,1.0,1.0,89136.49025069637,89136.49025069637,0.5282162385226452,0.2869080779944291,5.744,137.856,125000.0,11.974666964775764
bpsk,13.0,48,0.0,1.3552527156068805e-20,0.0001389274557395121,0.0,0.0,1.0,1.0,1.0,89136.49025069637,89136.49025069637,0.5282162385226452,0.2869080779944291,5.744,137.856,125000.0,13.021737985509976
bpsk,14.0,48,0.0,1.3552527156068805e-20,0.0001389274557395121,0.0,0.0,1.0,1.0,1.0,89136.49025069637,89136.49025069637,0.5282162385226452,0.2869080779944291,5.744,137.856,125000.0,13.961912600605238
bpsk,15.0,48,0.0,1.3552527156068805e-20,0.0001389274557395121,0.0,0.0,1.0,1.0,1.0,89136.49025069637,89136.49025069637,0.5282162385226452,0.2869080779944291,5.744,137.856,125000.0,15.018990595051246
bpsk,16.0,48,0.0,1.3552527156068805e-20,0.0001389274557395121,0.0,0.0,1.0,1.0,1.0,89136.49025069637,89136.49025069637,0.5282162385226452,0.2869080779944291,5.744,137.856,125000.0,15.818924547293019
qpsk,-6.0,48,0.09046052631578948,0.08522912299348567,0.09597934461897958,0.1751929012345679,1.0,0.0,1.0,0.39583333333333337,155339.80582524274,0.0,0.0,0.37864077669902907,3.296,79.104,250000.0,-6.070197105824387
qpsk,-5.0,48,0.06490384615384616,0.061068678703293994,0.06896217556154682,0.12702546296296297,1.0,0.0,1.0,0.5416666666666667,155339.80582524274,0.0,0.0,0.37864077669902907,3.296,79.104,250000.0,-4.808861865620976
qpsk,-4.0,48,0.04396446078431373,0.041181390950313354,0.046926407511769366,0.08627507716049382,1.0,0.0,1.0,0.7083333333333333,155339.80582524274,0.0,0.0,0.37864077669902907,3.296,79.104,250000.0,-3.815777800989429
qpsk,-3.0,48,0.025008267195767195,0.02311467744022199,0.027052686855963508,0.04960317460317461,1.0,0.0,1.0,0.875,155339.80582524274,0.0,0.0,0.37864077669902907,3.296,79.104,250000.0,-2.758794017524573
qpsk,-2.0,48,0.014115338164251208,0.012763687223386964,0.015607863495618088,0.028155193236714976,1.0,0.0,1.0,0.9583333333333334,155339.80582524274,0.0,0.0,0.37864077669902907,3.296,79.104,250000.0,-1.5857991057638565
qpsk,-1.0,48,0.0070921985815602835,0.006160127648260661,0.008164139930553952,0.014162515096618356,1.0,0.0,1.0,0.9791666666666667,155339.80582524274,0.0,0.0,0.37864077669902907,3.296,79.104,250000.0,-1.0227870525369729
qpsk,0.0,48,0.0035807291666666665,0.0029422799514429903,0.004357110914444222,0.007161458333333334,0.875,0.125,1.0,1.0,155339.80582524274,19417.475728155343,0.11506652283351315,0.37864077669902907,3.296,79.104,250000.0,0.16550596852074329
qpsk,1.0,48,0.0009403935185185185,0.0006418533934986953,0.0013775998063200105,0.0018807870370370371,0.375,0.625,1.0,1.0,155339.80582524274,97087.3786407767,0.5753326141675656,0.37864077669902907,3.296,79.104,250000.0,1.2535915069212717
qpsk,2.0,48,0.00028935185185185184,0.0001466270569072144,0.0005709237047028189,0.0005787037037037037,0.14583333333333337,0.8541666666666666,1.0,1.0,155339.80582524274,132686.08414239483,0.7862879060290064,0.37864077669902907,3.296,79.104,250000.0,2.1599310036936137
qpsk,3.0,48,0.00010850694444444444,3.6902155842988234e-05,0.0003190090395979693,0.00021701388888888888,0.0625,0.9375,1.0,1.0,155339.80582524274,145631.06796116504,0.8629989212513485,0.37864077669902907,3.296,79.104,250000.0,3.0662766356600324
qpsk,4.0,48,0.0,1.3552527156068805e-20,0.0001389274557395121,0.0,0.0,1.0,1.0,1.0,155339.80582524274,155339.80582524274,0.9205321826681051,0.37864077669902907,3.296,79.104,250000.0,4.07564339142997
qpsk,5.0,48,0.0,1.3552527156068805e-20,0.0001389274557395121,0.0,0.0,1.0,1.0,1.0,155339.80582524274,155339.80582524274,0.9205321826681051,0.37864077669902907,3.296,79.104,250000.0,5.223597632208064
qpsk,6.0,48,0.0,1.3552527156068805e-20,0.0001389274557395121,0.0,0.0,1.0,1.0,1.0,155339.80582524274,155339.80582524274,0.9205321826681051,0.37864077669902907,3.296,79.104,250000.0,6.102658872144287
qpsk,7.0,48,0.0,1.3552527156068805e-20,0.0001389274557395121,0.0,0.0,1.0,1.0,1.0,155339.80582524274,155339.80582524274,0.9205321826681051,0.37864077669902907,3.296,79.104,250000.0,7.240864984885205
qpsk,8.0,48,0.0,1.3552527156068805e-20,0.0001389274557395121,0.0,0.0,1.0,1.0,1.0,155339.80582524274,155339.80582524274,0.9205321826681051,0.37864077669902907,3.296,79.104,250000.0,8.300588697139666
qpsk,9.0,48,0.0,1.3552527156068805e-20,0.0001389274557395121,0.0,0.0,1.0,1.0,1.0,155339.80582524274,155339.80582524274,0.9205321826681051,0.37864077669902907,3.296,79.104,250000.0,9.204241132921506
qpsk,10.0,48,0.0,1.3552527156068805e-20,0.0001389274557395121,0.0,0.0,1.0,1.0,1.0,155339.80582524274,155339.80582524274,0.9205321826681051,0.37864077669902907,3.296,79.104,250000.0,10.221363729215954
qpsk,11.0,48,0.0,1.3552527156068805e-20,0.0001389274557395121,0.0,0.0,1.0,1.0,1.0,155339.80582524274,155339.80582524274,0.9205321826681051,0.37864077669902907,3.296,79.104,250000.0,10.97369282362984
qpsk,12.0,48,0.0,1.3552527156068805e-20,0.0001389274557395121,0.0,0.0,1.0,1.0,1.0,155339.80582524274,155339.80582524274,0.9205321826681051,0.37864077669902907,3.296,79.104,250000.0,11.999612418857213
qpsk,13.0,48,0.0,1.3552527156068805e-20,0.0001389274557395121,0.0,0.0,1.0,1.0,1.0,155339.80582524274,155339.80582524274,0.9205321826681051,0.37864077669902907,3.296,79.104,250000.0,13.000438135701241
qpsk,14.0,48,0.0,1.3552527156068805e-20,0.0001389274557395121,0.0,0.0,1.0,1.0,1.0,155339.80582524274,155339.80582524274,0.9205321826681051,0.37864077669902907,3.296,79.104,250000.0,13.818966572789328
qpsk,15.0,48,0.0,1.3552527156068805e-20,0.0001389274557395121,0.0,0.0,1.0,1.0,1.0,155339.80582524274,155339.80582524274,0.9205321826681051,0.37864077669902907,3.296,79.104,250000.0,15.063277222027544
qpsk,16.0,48,0.0,1.3552527156068805e-20,0.0001389274557395121,0.0,0.0,1.0,1.0,1.0,155339.80582524274,155339.80582524274,0.9205321826681051,0.37864077669902907,3.296,79.104,250000.0,15.881160742107257
qam16,-6.0,48,0.2481060606060606,0.23762562655984176,0.25889176277051623,0.6754629629629629,1.0,0.0,1.0,0.22916666666666669,247104.2471042471,0.0,0.0,0.5057915057915058,2.072,49.728,500000.0,-6.043492345704783
qam16,-5.0,48,0.19380787037037037,0.18798247263051782,0.1997693799437386,0.6115761408730158,1.0,0.0,1.0,0.625,247104.2471042471,0.0,0.0,0.5057915057915058,2.072,49.728,500000.0,-4.917802936960344
qam16,-4.0,48,0.17336309523809523,0.16864464035560037,0.1781852711115006,0.5616319444444444,1.0,0.0,1.0,0.875,247104.2471042471,0.0,0.0,0.5057915057915058,2.072,49.728,500000.0,-3.821006099453983
qam16,-3.0,48,0.15933159722222223,0.1546626115365284,0.16411416741859167,0.5258680555555555,1.0,0.0,1.0,0.8333333333333334,247104.2471042471,0.0,0.0,0.5057915057915058,2.072,49.728,500000.0,-2.9625714456936767
qam16,-2.0,48,0.12915943287037038,0.12525762056968617,0.1331642850440072,0.45283564814814814,1.0,0.0,1.0,1.0,247104.2471042471,0.0,0.0,0.5057915057915058,2.072,49.728,500000.0,-1.8570962946173304
qam16,-1.0,48,0.10649379432624113,0.1028748900236028,0.11022436226335101,0.3798246276167472,1.0,0.0,1.0,0.9791666666666667,247104.2471042471,0.0,0.0,0.5057915057915058,2.072,49.728,500000.0,-0.8358792241646702
qam16,0.0,48,0.08532262731481481,0.08208697313762955,0.08867350163667989,0.3158275462962963,1.0,0.0,1.0,1.0,247104.2471042471,0.0,0.0,0.5057915057915058,2.072,49.728,500000.0,0.2348987108322971
qam16,1.0,48,0.06358506944444445,0.06076894856157951,0.06652245035920705,0.23914930555555558,1.0,0.0,1.0,1.0,247104.2471042471,0.0,0.0,0.5057915057915058,2.072,49.728,500000.0,1.0932700644708278
qam16,2.0,48,0.050202546296296294,0.047690491150958844,0.052839579873316084,0.1918402777777778,1.0,0.0,1.0,1.0,247104.2471042471,0.0,0.0,0.5057915057915058,2.072,49.728,500000.0,2.1195342445042895
qam16,3.0,48,0.036060474537037035,0.033926454257137605,0.03832340269271559,0.13932291666666669,1.0,0.0,1.0,1.0,247104.2471042471,0.0,0.0,0.5057915057915058,2.072,49.728,500000.0,3.007922560031294
qam16,4.0,48,0.021448206018518517,0.01980581474752871,0.02322356525586318,0.08362268518518517,1.0,0.0,1.0,1.0,247104.2471042471,0.0,0.0,0.5057915057915058,2.072,49.728,500000.0,4.139018113822392
qam16,5.0,48,0.013093171296296295,0.011819264573014451,0.014502367473366144,0.051359953703703706,1.0,0.0,1.0,1.0,247104.2471042471,0.0,0.0,0.5057915057915058,2.072,49.728,500000.0,5.249499357184474
qam16,6.0,48,0.006293402777777778,0.0054273647382334115,0.007296619620189936,0.024739583333333336,0.9583333333333334,0.041666666666666664,1.0,1.0,247104.2471042471,10296.010296010296,0.06101339434672768,0.5057915057915058,2.072,49.728,500000.0,6.087877913987102
qam16,7.0,48,0.0028211805555555555,0.0022612812661125512,0.003519223421864542,0.011284722222222222,0.7916666666666666,0.20833333333333334,1.0,1.0,247104.2471042471,51480.05148005148,0.3050669717336384,0.5057915057915058,2.072,49.728,500000.0,7.1182715074091725
qam16,8.0,48,0.0014105902777777778,0.0010320954786263033,0.0019276205932319992,0.005642361111111111,0.5208333333333333,0.4791666666666667,1.0,1.0,247104.2471042471,118404.1184041184,0.7016540349873683,0.5057915057915058,2.072,49.728,500000.0,8.210209370576422
qam16,9.0,48,0.00047019675925925923,0.00027481475817458444,0.0008043755696045245,0.001880787037037037,0.25,0.75,1.0,1.0,247104.2471042471,185328.18532818533,1.0982410982410982,0.5057915057915058,2.072,49.728,500000.0,8.95051182347965
qam16,10.0,48,3.616898148148148e-05,6.384577658833363e-06,0.00020487079131449392,0.00014467592592592592,0.020833333333333315,0.9791666666666667,1.0,1.0,247104.2471042471,241956.24195624195,1.4338147671481005,0.5057915057915058,2.072,49.728,500000.0,9.961322050715339
qam16,11.0,48,0.0,1.3552527156068805e-20,0.0001389274557395121,0.0,0.0,1.0,1.0,1.0,247104.2471042471,247104.2471042471,1.4643214643214644,0.5057915057915058,2.072,49.728,500000.0,11.0744459654372
qam16,12.0,48,0.0,1.3552527156068805e-20,0.0001389274557395121,0.0,0.0,1.0,1.0,1.0,247104.2471042471,247104.2471042471,1.4643214643214644,0.5057915057915058,2.072,49.728,500000.0,12.082337304768153
qam16,13.0,48,0.0,1.3552527156068805e-20,0.0001389274557395121,0.0,0.0,1.0,1.0,1.0,247104.2471042471,247104.2471042471,1.4643214643214644,0.5057915057915058,2.072,49.728,500000.0,12.971690685907769
qam16,14.0,48,0.0,1.3552527156068805e-20,0.0001389274557395121,0.0,0.0,1.0,1.0,1.0,247104.2471042471,247104.2471042471,1.4643214643214644,0.5057915057915058,2.072,49.728,500000.0,13.936584466679665
qam16,15.0,48,0.0,1.3552527156068805e-20,0.0001389274557395121,0.0,0.0,1.0,1.0,1.0,247104.2471042471,247104.2471042471,1.4643214643214644,0.5057915057915058,2.072,49.728,500000.0,14.903564485038043
qam16,16.0,48,0.0,1.3552527156068805e-20,0.0001389274557395121,0.0,0.0,1.0,1.0,1.0,247104.2471042471,247104.2471042471,1.4643214643214644,0.5057915057915058,2.072,49.728,500000.0,15.805972110872212
